model,train_rmse,test_rmse
Linear regression,2.4359331377527327,2.442000806540729
Decision tree,1.7197223925189389,2.090082987516068
Random forest,1.3779040625427414,1.6450077783523176
KNN,0.831999943636762,1.0257049707549586
SVR,0.32773084325215274,0.3484281521661857
GPR,0.044150027489165064,0.04573026554039808
